terrain_A,terrain_B,frac_B,arrangement,B_min,B_max,B_median,positive_fraction,route_case_fraction
HARD_GROUND,JLU_MARS1_LOOSE,0.25,CLUSTERED,0.0,0.752,0.069,0.5,0.0
HARD_GROUND,JLU_MARS1_LOOSE,0.25,RANDOM,0.0,0.752,0.0,0.1,0.0
HARD_GROUND,JLU_MARS1_LOOSE,0.5,CLUSTERED,0.085,0.723,0.331,1.0,0.017
HARD_GROUND,JLU_MARS1_LOOSE,0.5,RANDOM,0.0,0.767,0.09,0.5,0.0
HARD_GROUND,JLU_MARS1_LOOSE,0.75,CLUSTERED,0.02,0.51,0.142,1.0,0.119
HARD_GROUND,JLU_MARS1_LOOSE,0.75,RANDOM,0.044,0.413,0.186,1.0,0.229
JLU_MARS1_DENSE,JLU_MARS1_LOOSE,0.25,CLUSTERED,0.0,0.164,0.0,0.417,0.0
JLU_MARS1_DENSE,JLU_MARS1_LOOSE,0.25,RANDOM,0.0,0.118,0.0,0.083,0.0
JLU_MARS1_DENSE,JLU_MARS1_LOOSE,0.5,CLUSTERED,0.0,0.163,0.053,0.833,0.046
JLU_MARS1_DENSE,JLU_MARS1_LOOSE,0.5,RANDOM,0.0,0.15,0.0,0.417,0.0
JLU_MARS1_DENSE,JLU_MARS1_LOOSE,0.75,CLUSTERED,0.0,0.153,0.024,0.833,0.104
JLU_MARS1_DENSE,JLU_MARS1_LOOSE,0.75,RANDOM,0.0,0.109,0.032,0.833,0.24
